ID,Name,Age,Email
1,John Doe,28,johndoe@example.com
2,Jane Smith,34,janesmith@example.com
3,Emily Johnson,22,emilyj@example.com
4,Michael Brown,45,michaelb@example.com
5,Jessica Davis,29,jessicad@example.com
6,David Wilson,31,davidw@example.com
7,Laura Martinez,27,lauram@example.com
8,James Anderson,36,jamesa@example.com
9,Olivia Thomas,24,oliviat@example.com
10,Daniel Jackson,40,danielj@example.com
11,Emma White,26,emmaw@example.com
12,Matthew Harris,33,matthewh@example.com
13,Ava Martin,30,avam@example.com
14,Lucas Thompson,38,lucast@example.com
15,Sophia Garcia,25,sophiag@example.com
16,Alexander Martinez,32,alexanderm@example.com
17,Isabella Robinson,28,isabellar@example.com
18,William Clark,35,williamc@example.com
19,Mia Rodriguez,23,miar@example.com
20,Elijah Lewis,37,elijahl@example.com
